{
  "project": {
    "version": "1.0.0-beta.15",
    "name": "angular-cli-project"
  },
  "apps": [
    {
      "root": "src",
      "outDir": "dist",
      "assets": [
        "assets",
        "assets/images"
        ],
      "index": "index.html",
      "main": "main.ts",
      "test": "test.ts",
      "tsconfig": "tsconfig.json",
      "prefix": "app",
      "mobile": false,
      "styles": [
        "styles.css",
        "color-palette.css",
        "../node_modules/quill/dist/quill.core.css",
        "../node_modules/quill/dist/quill.snow.css"
      ],
      "scripts": [
        "../node_modules/jquery/dist/jquery.js",
        "../node_modules/materialize-css/dist/js/materialize.js",
        "../node_modules/quill/dist/quill.js",
        "./assets/scripts/navbar-script.js",
        "./assets/scripts/init-welcome-page.js"
      ],
      "environmentSource": "environments/environment.ts",
      "environments": {
        "dev": "environments/environment.ts",
        "prod": "environments/environment.prod.ts"
      }
    }
  ],
  "addons": [],
  "packages": [],
  "e2e": {
    "protractor": {
      "config": "./protractor.conf.js"
    }
  },
  "test": {
    "karma": {
      "config": "./karma.conf.js"
    }
  },
  "defaults": {
    "styleExt": "css",
    "prefixInterfaces": false
  }
}
